"Timestamp","  Участвовал ли ты когда-либо в дебатах?  ","  Если участвовал — как долго?  ","  В каком формате участвовал?  ","  В каком ты классе?  ","Тебе нужно убедить одноклассника, что физические упражнения улучшают успеваемость. Какой аргумент наиболее убедителен?  ","Друг говорит: ""Социальные сети вредны, потому что мой брат стал хуже учиться после того, как завёл аккаунт."" Это:  ","Какой источник наиболее надёжен для исследования о влиянии сна на память?  "," Прочитай утверждение: ""Большинство успешных людей просыпаются в 5 утра, значит, ранний подъём ведёт к успеху."" Что здесь неверно?  ","Ты убеждён, что онлайн-обучение хуже очного. Тебе показывают исследование 10 000 студентов, где онлайн-группа показала результаты выше. Твоя реакция:  ","В споре тебе привели три сильных аргумента против твоей позиции. Что сделаешь?  ","Тебе нужно решить: стоит ли школе ввести форму. Какой первый шаг наиболее логичен?  ","Прочитай вывод: ""В нашей школе улучшилась успеваемость. В этом же году мы начали пить больше воды на уроках. Значит, вода улучшает оценки."" Этот вывод:  ","Тебе дали задачу: выяснить, почему ученики опаздывают на первый урок. Что сделаешь первым?  ","Я умею отличать факты от мнений в текстах и разговорах  ","Когда мне приводят сильный аргумент, я готов изменить свою точку зрения  ","Я могу объяснить свою позицию с конкретными доказательствами, а не только словами ""мне кажется""  "
"2026/04/28 10:00:49 PM GMT+5","Да, регулярно (более 5 раз)","Более года","Межшкольные / районные","9–10 класс","""Исследования показывают, что 30 минут активности улучшают концентрацию на 20%""","Невозможно оценить без дополнительной информации","Статья в рецензируемом научном журнале","Успешные люди могут вставать рано по другим причинам, а не потому что это ведёт к успеху","Интересно, нужно изучить подробнее и пересмотреть свою позицию","Признаю, что аргументы сильные, и пересмотрю свою точку зрения","Определить, какую проблему должна решить форма","Ошибочный — совпадение по времени не означает причинно-следственную связь","Составлю список возможных причин и проверю каждую","5","5","5"
"2026/04/30 9:43:52 AM GMT+5","Никогда не участвовал","Не участвую в дебатах","Не участвую","9–10 класс","""Исследования показывают, что 30 минут активности улучшают концентрацию на 20%""","Слабый аргумент — один пример не доказывает общую закономерность","Статья в рецензируемом научном журнале","Успешные люди могут вставать рано по другим причинам, а не потому что это ведёт к успеху","Интересно, нужно изучить подробнее и пересмотреть свою позицию","Признаю, что аргументы сильные, и пересмотрю свою точку зрения","Определить, какую проблему должна решить форма","Ошибочный — совпадение по времени не означает причинно-следственную связь","Составлю список возможных причин и проверю каждую","4","3","4"
"2026/04/30 9:58:29 AM GMT+5","Да, регулярно (более 5 раз)","Более года","Межшкольные / районные","9–10 класс","""Исследования показывают, что 30 минут активности улучшают концентрацию на 20%""","Слабый аргумент — один пример не доказывает общую закономерность","Статья в рецензируемом научном журнале","Успешные люди могут вставать рано по другим причинам, а не потому что это ведёт к успеху","Интересно, нужно изучить подробнее и пересмотреть свою позицию","Признаю, что аргументы сильные, и пересмотрю свою точку зрения","Определить, какую проблему должна решить форма","Требует проверки — нужно больше данных о воде","Составлю список возможных причин и проверю каждую","5","5","5"
"2026/04/30 10:22:34 AM GMT+5","Да, несколько раз (1–5 раз)","6–12 месяцев","Межшкольные / районные","9–10 класс","""Наш учитель физкультуры так говорил""","","Статья в рецензируемом научном журнале","Успешные люди могут вставать рано по другим причинам, а не потому что это ведёт к успеху","Интересно, нужно изучить подробнее и пересмотреть свою позицию","Признаю, что аргументы сильные, и пересмотрю свою точку зрения","Определить, какую проблему должна решить форма","Ошибочный — совпадение по времени не означает причинно-следственную связь","Составлю список возможных причин и проверю каждую","3","4","5"
"2026/04/30 10:23:16 AM GMT+5","Да, регулярно (более 5 раз)","Более года","Республиканский уровень","11 класс","""Исследования показывают, что 30 минут активности улучшают концентрацию на 20%""","Невозможно оценить без дополнительной информации","Статья в рецензируемом научном журнале","Успешные люди могут вставать рано по другим причинам, а не потому что это ведёт к успеху","Интересно, нужно изучить подробнее и пересмотреть свою позицию","Признаю, что аргументы сильные, и пересмотрю свою точку зрения","Определить, какую проблему должна решить форма","Ошибочный — совпадение по времени не означает причинно-следственную связь","Составлю список возможных причин и проверю каждую","5","5","5"
"2026/04/30 10:24:00 AM GMT+5","Да, регулярно (более 5 раз)","6–12 месяцев","Межшкольные / районные","9–10 класс","""Исследования показывают, что 30 минут активности улучшают концентрацию на 20%""","Невозможно оценить без дополнительной информации","Статья в рецензируемом научном журнале","Успешные люди могут вставать рано по другим причинам, а не потому что это ведёт к успеху","Интересно, нужно изучить подробнее и пересмотреть свою позицию","Признаю, что аргументы сильные, и пересмотрю свою точку зрения","Определить, какую проблему должна решить форма","Ошибочный — совпадение по времени не означает причинно-следственную связь","Составлю список возможных причин и проверю каждую","5","5","5"
"2026/04/30 10:24:36 AM GMT+5","Никогда не участвовал","Не участвую в дебатах","Не участвую","9–10 класс","""Все спортсмены хорошо учатся, я сам видел""","Сильный аргумент — личный пример всегда убедителен","Видео на YouTube с миллионом просмотров","Утверждение верно, если большинство — это более 50%","Зависит от того, кто провёл исследование","Найду любой контраргумент, чтобы не уступать","Определить, какую проблему должна решить форма","Ошибочный — совпадение по времени не означает причинно-следственную связь","Скажу директору своё мнение","3","4","3"
"2026/04/30 10:25:09 AM GMT+5","Никогда не участвовал","Не участвую в дебатах","Не участвую","7–8 класс","""Исследования показывают, что 30 минут активности улучшают концентрацию на 20%""","Слабый аргумент — один пример не доказывает общую закономерность","Совет от знакомого врача","Успешные люди могут вставать рано по другим причинам, а не потому что это ведёт к успеху","Интересно, нужно изучить подробнее и пересмотреть свою позицию","Буду стоять на своём — менять позицию значит проигрывать","Найти школы, где форма уже есть","Ошибочный — совпадение по времени не означает причинно-следственную связь","Составлю список возможных причин и проверю каждую","5","4","3"
"2026/04/30 10:34:24 AM GMT+5","Да, несколько раз (1–5 раз)","Менее 6 месяцев","Школьные дебаты","7–8 класс","""Мне кажется, это очевидно""","Сильный аргумент — личный пример всегда убедителен","Статья в рецензируемом научном журнале","Нужно больше примеров успешных людей","Зависит от того, кто провёл исследование","Признаю, что аргументы сильные, и пересмотрю свою точку зрения","Найти школы, где форма уже есть","Требует проверки — нужно больше данных о воде","Составлю список возможных причин и проверю каждую","3","4","4"
"2026/04/30 2:08:27 PM GMT+5","Да, регулярно (более 5 раз)","Более года","Межшкольные / районные","7–8 класс","""Исследования показывают, что 30 минут активности улучшают концентрацию на 20%""","Сильный аргумент — личный пример всегда убедителен","Статья в рецензируемом научном журнале","Успешные люди могут вставать рано по другим причинам, а не потому что это ведёт к успеху","Интересно, нужно изучить подробнее и пересмотреть свою позицию","Буду стоять на своём — менять позицию значит проигрывать","Определить, какую проблему должна решить форма","Ошибочный — совпадение по времени не означает причинно-следственную связь","Составлю список возможных причин и проверю каждую","4","3","4"
"2026/05/03 12:12:44 AM GMT+5","Да, регулярно (более 5 раз)","6–12 месяцев","Межшкольные / районные","9–10 класс","""Исследования показывают, что 30 минут активности улучшают концентрацию на 20%""","Невозможно оценить без дополнительной информации","Совет от знакомого врача","Успешные люди могут вставать рано по другим причинам, а не потому что это ведёт к успеху","Интересно, нужно изучить подробнее и пересмотреть свою позицию","Признаю, что аргументы сильные, и пересмотрю свою точку зрения","Определить, какую проблему должна решить форма","Требует проверки — нужно больше данных о воде","Составлю список возможных причин и проверю каждую","5","4","5"
"2026/05/03 12:13:20 AM GMT+5","Да, регулярно (более 5 раз)","Более года","Республиканский уровень","11 класс","""Исследования показывают, что 30 минут активности улучшают концентрацию на 20%""","Невозможно оценить без дополнительной информации","Статья в рецензируемом научном журнале","Успешные люди могут вставать рано по другим причинам, а не потому что это ведёт к успеху","Интересно, нужно изучить подробнее и пересмотреть свою позицию","Признаю, что аргументы сильные, и пересмотрю свою точку зрения","Определить, какую проблему должна решить форма","Ошибочный — совпадение по времени не означает причинно-следственную связь","Составлю список возможных причин и проверю каждую","5","5","5"
"2026/05/03 12:14:15 AM GMT+5","Да, несколько раз (1–5 раз)","6–12 месяцев","Межшкольные / районные","9–10 класс","""Мне кажется, это очевидно""","Невозможно оценить без дополнительной информации","Видео на YouTube с миллионом просмотров","Успешные люди могут вставать рано по другим причинам, а не потому что это ведёт к успеху","Интересно, нужно изучить подробнее и пересмотреть свою позицию","Признаю, что аргументы сильные, и пересмотрю свою точку зрения","Определить, какую проблему должна решить форма","Ошибочный — совпадение по времени не означает причинно-следственную связь","Составлю список возможных причин и проверю каждую","5","4","4"
"2026/05/03 1:49:04 AM GMT+5","Да, регулярно (более 5 раз)","6–12 месяцев","Республиканский уровень","11 класс","""Исследования показывают, что 30 минут активности улучшают концентрацию на 20%""","Невозможно оценить без дополнительной информации","Статья в рецензируемом научном журнале","Успешные люди могут вставать рано по другим причинам, а не потому что это ведёт к успеху","Интересно, нужно изучить подробнее и пересмотреть свою позицию","Признаю, что аргументы сильные, и пересмотрю свою точку зрения","Определить, какую проблему должна решить форма","Ошибочный — совпадение по времени не означает причинно-следственную связь","Составлю список возможных причин и проверю каждую","5","5","5"
"2026/05/03 1:49:48 AM GMT+5","Никогда не участвовал","Не участвую в дебатах","Не участвую","9–10 класс","""Все спортсмены хорошо учатся, я сам видел""","Достаточный аргумент — если это случилось с одним, значит так бывает","Видео на YouTube с миллионом просмотров","Успешные люди могут вставать рано по другим причинам, а не потому что это ведёт к успеху","Интересно, нужно изучить подробнее и пересмотреть свою позицию","Признаю, что аргументы сильные, и пересмотрю свою точку зрения","Найти школы, где форма уже есть","Ошибочный — совпадение по времени не означает причинно-следственную связь","Составлю список возможных причин и проверю каждую","3","3","3"
"2026/05/03 1:50:21 AM GMT+5","Никогда не участвовал","Не участвую в дебатах","Не участвую","7–8 класс","""Исследования показывают, что 30 минут активности улучшают концентрацию на 20%""","Слабый аргумент — один пример не доказывает общую закономерность","Видео на YouTube с миллионом просмотров","Успешные люди могут вставать рано по другим причинам, а не потому что это ведёт к успеху","Зависит от того, кто провёл исследование","Найду любой контраргумент, чтобы не уступать","Определить, какую проблему должна решить форма","Ошибочный — совпадение по времени не означает причинно-следственную связь","Предложу начинать уроки позже","3","3",""
"2026/05/04 9:08:07 PM GMT+5","Да, несколько раз (1–5 раз)","6–12 месяцев","Межшкольные / районные","9–10 класс","""Исследования показывают, что 30 минут активности улучшают концентрацию на 20%""","Невозможно оценить без дополнительной информации","Статья в рецензируемом научном журнале","Успешные люди могут вставать рано по другим причинам, а не потому что это ведёт к успеху","Зависит от того, кто провёл исследование","Признаю, что аргументы сильные, и пересмотрю свою точку зрения","Определить, какую проблему должна решить форма","Требует проверки — нужно больше данных о воде","Составлю список возможных причин и проверю каждую","4","4","5"
"2026/05/04 9:08:55 PM GMT+5","Да, регулярно (более 5 раз)","Более года","Межшкольные / районные","9–10 класс","""Исследования показывают, что 30 минут активности улучшают концентрацию на 20%""","Невозможно оценить без дополнительной информации","Статья в рецензируемом научном журнале","Успешные люди могут вставать рано по другим причинам, а не потому что это ведёт к успеху","Интересно, нужно изучить подробнее и пересмотреть свою позицию","Признаю, что аргументы сильные, и пересмотрю свою точку зрения","Определить, какую проблему должна решить форма","Ошибочный — совпадение по времени не означает причинно-следственную связь","Составлю список возможных причин и проверю каждую","5","5","5"
"2026/05/05 12:48:10 AM GMT+5","Да, несколько раз (1–5 раз)","6–12 месяцев","Школьные дебаты","9–10 класс","""Исследования показывают, что 30 минут активности улучшают концентрацию на 20%""","Невозможно оценить без дополнительной информации","Статья в рецензируемом научном журнале","Успешные люди могут вставать рано по другим причинам, а не потому что это ведёт к успеху","Интересно, нужно изучить подробнее и пересмотреть свою позицию","Найду любой контраргумент, чтобы не уступать","Определить, какую проблему должна решить форма","Ошибочный — совпадение по времени не означает причинно-следственную связь","Составлю список возможных причин и проверю каждую","5","4","5"
"2026/05/05 11:53:16 PM GMT+5","Никогда не участвовал","Не участвую в дебатах","Не участвую","7–8 класс","""Все спортсмены хорошо учатся, я сам видел""","Достаточный аргумент — если это случилось с одним, значит так бывает","Пост в Instagram от блогера о здоровье","Успешные люди могут вставать рано по другим причинам, а не потому что это ведёт к успеху","Зависит от того, кто провёл исследование","Найду любой контраргумент, чтобы не уступать","Определить, какую проблему должна решить форма","Ошибочный — совпадение по времени не означает причинно-следственную связь","Составлю список возможных причин и проверю каждую","4","3","3"
"2026/05/06 9:03:57 PM GMT+5","Да, регулярно (более 5 раз)","Более года","Межшкольные / районные","9–10 класс","""Исследования показывают, что 30 минут активности улучшают концентрацию на 20%""","Невозможно оценить без дополнительной информации","Статья в рецензируемом научном журнале","Успешные люди могут вставать рано по другим причинам, а не потому что это ведёт к успеху","Это исключение, общее правило остаётся","Найду любой контраргумент, чтобы не уступать","Определить, какую проблему должна решить форма","Ошибочный — совпадение по времени не означает причинно-следственную связь","Скажу директору своё мнение","4","3","4"
"2026/05/12 11:58:22 AM GMT+5","Никогда не участвовал","Не участвую в дебатах","Не участвую","7–8 класс","""Все спортсмены хорошо учатся, я сам видел""","Сильный аргумент — личный пример всегда убедителен","Видео на YouTube с миллионом просмотров","Нужно больше примеров успешных людей","Зависит от того, кто провёл исследование","Скажу, что подумаю позже, и уйду от темы","Найти школы, где форма уже есть","Требует проверки — нужно больше данных о воде","Скажу директору своё мнение","5","5","5"
"2026/05/12 12:10:51 PM GMT+5","Никогда не участвовал","Не участвую в дебатах","Не участвую","9–10 класс","""Мне кажется, это очевидно""","Достаточный аргумент — если это случилось с одним, значит так бывает","Совет от знакомого врача","Успешные люди могут вставать рано по другим причинам, а не потому что это ведёт к успеху","Зависит от того, кто провёл исследование","Признаю, что аргументы сильные, и пересмотрю свою точку зрения","Найти школы, где форма уже есть","Требует проверки — нужно больше данных о воде","Предложу начинать уроки позже","3","3","3"
"2026/05/12 12:15:45 PM GMT+5","Никогда не участвовал","Не участвую в дебатах","Не участвую","9–10 класс","""Мне кажется, это очевидно""","Невозможно оценить без дополнительной информации","Совет от знакомого врача","Нужно больше примеров успешных людей","Интересно, нужно изучить подробнее и пересмотреть свою позицию","Признаю, что аргументы сильные, и пересмотрю свою точку зрения","Сразу высказать своё мнение","Требует проверки — нужно больше данных о воде","Спрошу нескольких друзей","3","3","3"
"2026/05/12 12:16:24 PM GMT+5","Никогда не участвовал","Не участвую в дебатах","Школьные дебаты","9–10 класс","""Исследования показывают, что 30 минут активности улучшают концентрацию на 20%""","Слабый аргумент — один пример не доказывает общую закономерность","Совет от знакомого врача","Утверждение верно, если большинство — это более 50%","Это исключение, общее правило остаётся","Скажу, что подумаю позже, и уйду от темы","Определить, какую проблему должна решить форма","Логичный — есть чёткая связь между событиями","Составлю список возможных причин и проверю каждую","5","5","5"
"2026/05/12 12:16:51 PM GMT+5","Никогда не участвовал","Не участвую в дебатах","Не участвую","9–10 класс","""Мне кажется, это очевидно""","Достаточный аргумент — если это случилось с одним, значит так бывает","Совет от знакомого врача","Успешные люди могут вставать рано по другим причинам, а не потому что это ведёт к успеху","Интересно, нужно изучить подробнее и пересмотреть свою позицию","Скажу, что подумаю позже, и уйду от темы","Определить, какую проблему должна решить форма","Требует проверки — нужно больше данных о воде","Спрошу нескольких друзей","3","3","1"
"2026/05/12 12:19:18 PM GMT+5","Да, регулярно (более 5 раз)","Менее 6 месяцев","Школьные дебаты","9–10 класс","""Все спортсмены хорошо учатся, я сам видел""","Невозможно оценить без дополнительной информации","Статья в рецензируемом научном журнале","Нужно больше примеров успешных людей","Зависит от того, кто провёл исследование","Скажу, что подумаю позже, и уйду от темы","Узнать, что думают друзья","Требует проверки — нужно больше данных о воде","Составлю список возможных причин и проверю каждую","4","4","4"
"2026/05/12 12:20:56 PM GMT+5","Никогда не участвовал","Не участвую в дебатах","Не участвую","11 класс","""Все спортсмены хорошо учатся, я сам видел""","Невозможно оценить без дополнительной информации","Видео на YouTube с миллионом просмотров","Утверждение верно, если большинство — это более 50%","Исследование неверное, я знаю как есть на самом деле","Скажу, что подумаю позже, и уйду от темы","Узнать, что думают друзья","Ошибочный — совпадение по времени не означает причинно-следственную связь","Спрошу нескольких друзей","3","4","4"
"2026/05/12 12:22:51 PM GMT+5","Никогда не участвовал","Не участвую в дебатах","Не участвую","11 класс","","","","","","","","","","","",""
"2026/05/12 12:24:39 PM GMT+5","Никогда не участвовал","Не участвую в дебатах","Не участвую","11 класс","""Мне кажется, это очевидно""","Невозможно оценить без дополнительной информации","Совет от знакомого врача","Утверждение верно, если большинство — это более 50%","Интересно, нужно изучить подробнее и пересмотреть свою позицию","Буду стоять на своём — менять позицию значит проигрывать","Найти школы, где форма уже есть","Логичный — есть чёткая связь между событиями","Предложу начинать уроки позже","4","4","5"
"2026/05/12 12:27:22 PM GMT+5","Никогда не участвовал","Не участвую в дебатах","Не участвую","11 класс","""Все спортсмены хорошо учатся, я сам видел""","Слабый аргумент — один пример не доказывает общую закономерность","Видео на YouTube с миллионом просмотров","Успешные люди могут вставать рано по другим причинам, а не потому что это ведёт к успеху","Это исключение, общее правило остаётся","Признаю, что аргументы сильные, и пересмотрю свою точку зрения","Определить, какую проблему должна решить форма","Ошибочный — совпадение по времени не означает причинно-следственную связь","Составлю список возможных причин и проверю каждую","5","3","3"
"2026/05/12 12:29:49 PM GMT+5","Никогда не участвовал","Не участвую в дебатах","Не участвую","9–10 класс","""Мне кажется, это очевидно""","Невозможно оценить без дополнительной информации","Видео на YouTube с миллионом просмотров","Нужно больше примеров успешных людей","Интересно, нужно изучить подробнее и пересмотреть свою позицию","Найду любой контраргумент, чтобы не уступать","Определить, какую проблему должна решить форма","Требует проверки — нужно больше данных о воде","Составлю список возможных причин и проверю каждую","3","3","3"
"2026/05/12 12:36:36 PM GMT+5","Никогда не участвовал","Не участвую в дебатах","Не участвую","9–10 класс","""Все спортсмены хорошо учатся, я сам видел""","Слабый аргумент — один пример не доказывает общую закономерность","Статья в рецензируемом научном журнале","Нужно больше примеров успешных людей","Это исключение, общее правило остаётся","Скажу, что подумаю позже, и уйду от темы","Найти школы, где форма уже есть","Логичный — есть чёткая связь между событиями","Составлю список возможных причин и проверю каждую","3","4","5"
"2026/05/12 12:49:01 PM GMT+5","Никогда не участвовал","Не участвую в дебатах","Не участвую","9–10 класс","""Исследования показывают, что 30 минут активности улучшают концентрацию на 20%""","Слабый аргумент — один пример не доказывает общую закономерность","Статья в рецензируемом научном журнале","Утверждение верно, если большинство — это более 50%","Интересно, нужно изучить подробнее и пересмотреть свою позицию","Признаю, что аргументы сильные, и пересмотрю свою точку зрения","Сразу высказать своё мнение","Ошибочный — совпадение по времени не означает причинно-следственную связь","Составлю список возможных причин и проверю каждую","5","1","5"
"2026/05/12 12:49:03 PM GMT+5","Никогда не участвовал","Не участвую в дебатах","Не участвую","9–10 класс","""Исследования показывают, что 30 минут активности улучшают концентрацию на 20%""","Слабый аргумент — один пример не доказывает общую закономерность","Статья в рецензируемом научном журнале","Утверждение верно, если большинство — это более 50%","Интересно, нужно изучить подробнее и пересмотреть свою позицию","Признаю, что аргументы сильные, и пересмотрю свою точку зрения","Сразу высказать своё мнение","Ошибочный — совпадение по времени не означает причинно-следственную связь","Составлю список возможных причин и проверю каждую","5","1","5"
"2026/05/12 12:49:03 PM GMT+5","Никогда не участвовал","Не участвую в дебатах","Не участвую","9–10 класс","""Исследования показывают, что 30 минут активности улучшают концентрацию на 20%""","Слабый аргумент — один пример не доказывает общую закономерность","Статья в рецензируемом научном журнале","Утверждение верно, если большинство — это более 50%","Интересно, нужно изучить подробнее и пересмотреть свою позицию","Признаю, что аргументы сильные, и пересмотрю свою точку зрения","Сразу высказать своё мнение","Ошибочный — совпадение по времени не означает причинно-следственную связь","Составлю список возможных причин и проверю каждую","5","1","5"
"2026/05/12 12:51:07 PM GMT+5","Никогда не участвовал","Не участвую в дебатах","Не участвую","9–10 класс","""Исследования показывают, что 30 минут активности улучшают концентрацию на 20%""","Невозможно оценить без дополнительной информации","Совет от знакомого врача","Успешные люди могут вставать рано по другим причинам, а не потому что это ведёт к успеху","Зависит от того, кто провёл исследование","Признаю, что аргументы сильные, и пересмотрю свою точку зрения","Определить, какую проблему должна решить форма","Ошибочный — совпадение по времени не означает причинно-следственную связь","Составлю список возможных причин и проверю каждую","4","4","4"
"2026/05/12 12:54:12 PM GMT+5","Никогда не участвовал","Не участвую в дебатах","Не участвую","7–8 класс","""Все спортсмены хорошо учатся, я сам видел""","Достаточный аргумент — если это случилось с одним, значит так бывает","Совет от знакомого врача","Успешные люди могут вставать рано по другим причинам, а не потому что это ведёт к успеху","Зависит от того, кто провёл исследование","Признаю, что аргументы сильные, и пересмотрю свою точку зрения","Сразу высказать своё мнение","Логичный — есть чёткая связь между событиями","Предложу начинать уроки позже","5","5","5"
"2026/05/12 1:19:04 PM GMT+5","Никогда не участвовал","Не участвую в дебатах","Не участвую","","""Мне кажется, это очевидно""","Невозможно оценить без дополнительной информации","Совет от знакомого врача","Нужно больше примеров успешных людей","Зависит от того, кто провёл исследование","Буду стоять на своём — менять позицию значит проигрывать","Определить, какую проблему должна решить форма","Логичный — есть чёткая связь между событиями","Скажу директору своё мнение","1","5","5"
"2026/05/12 1:20:48 PM GMT+5","Никогда не участвовал","Не участвую в дебатах","Не участвую","7–8 класс","""Мне кажется, это очевидно""","Слабый аргумент — один пример не доказывает общую закономерность","Видео на YouTube с миллионом просмотров","Утверждение верно, если большинство — это более 50%","Исследование неверное, я знаю как есть на самом деле","Скажу, что подумаю позже, и уйду от темы","Определить, какую проблему должна решить форма","Требует проверки — нужно больше данных о воде","Скажу директору своё мнение","3","2","1"
"2026/05/12 1:20:54 PM GMT+5","Никогда не участвовал","Не участвую в дебатах","Не участвую","7–8 класс","""Все спортсмены хорошо учатся, я сам видел""","Сильный аргумент — личный пример всегда убедителен","Совет от знакомого врача","Утверждение верно, если большинство — это более 50%","Зависит от того, кто провёл исследование","Найду любой контраргумент, чтобы не уступать","Определить, какую проблему должна решить форма","Требует проверки — нужно больше данных о воде","Составлю список возможных причин и проверю каждую","3","3","3"
"2026/05/12 1:22:48 PM GMT+5","Никогда не участвовал","Не участвую в дебатах","Не участвую","7–8 класс","""Мне кажется, это очевидно""","Невозможно оценить без дополнительной информации","Пост в Instagram от блогера о здоровье","Утверждение верно, если большинство — это более 50%","Исследование неверное, я знаю как есть на самом деле","Скажу, что подумаю позже, и уйду от темы","Найти школы, где форма уже есть","Логичный — есть чёткая связь между событиями","Скажу директору своё мнение","3","3","3"
"2026/05/12 1:31:30 PM GMT+5","Никогда не участвовал","Не участвую в дебатах","Не участвую","7–8 класс","""Мне кажется, это очевидно""","Слабый аргумент — один пример не доказывает общую закономерность","Видео на YouTube с миллионом просмотров","Ничего, логика правильная","Зависит от того, кто провёл исследование","Скажу, что подумаю позже, и уйду от темы","Сразу высказать своё мнение","Требует проверки — нужно больше данных о воде","Скажу директору своё мнение","5","5","5"
"2026/05/12 1:33:57 PM GMT+5","Никогда не участвовал","Не участвую в дебатах","Не участвую","7–8 класс","""Мне кажется, это очевидно""","Сильный аргумент — личный пример всегда убедителен","Совет от знакомого врача","Успешные люди могут вставать рано по другим причинам, а не потому что это ведёт к успеху","Это исключение, общее правило остаётся","Признаю, что аргументы сильные, и пересмотрю свою точку зрения","Найти школы, где форма уже есть","Логичный — есть чёткая связь между событиями","Составлю список возможных причин и проверю каждую","3","1","4"
"2026/05/12 1:52:35 PM GMT+5","Да, несколько раз (1–5 раз)","Менее 6 месяцев","Школьные дебаты","9–10 класс","""Исследования показывают, что 30 минут активности улучшают концентрацию на 20%""","Невозможно оценить без дополнительной информации","Совет от знакомого врача","Успешные люди могут вставать рано по другим причинам, а не потому что это ведёт к успеху","Исследование неверное, я знаю как есть на самом деле","Буду стоять на своём — менять позицию значит проигрывать","Сразу высказать своё мнение","Ошибочный — совпадение по времени не означает причинно-следственную связь","Составлю список возможных причин и проверю каждую","3","1","1"
"2026/05/12 2:05:15 PM GMT+5","Никогда не участвовал","Не участвую в дебатах","Не участвую","11 класс","""Все спортсмены хорошо учатся, я сам видел""","Невозможно оценить без дополнительной информации","Видео на YouTube с миллионом просмотров","Нужно больше примеров успешных людей","Это исключение, общее правило остаётся","Скажу, что подумаю позже, и уйду от темы","Сразу высказать своё мнение","Требует проверки — нужно больше данных о воде","Спрошу нескольких друзей","5","3","3"
"2026/05/12 2:07:02 PM GMT+5","Никогда не участвовал","Не участвую в дебатах","Школьные дебаты","9–10 класс","""Все спортсмены хорошо учатся, я сам видел""","Достаточный аргумент — если это случилось с одним, значит так бывает","Пост в Instagram от блогера о здоровье","Успешные люди могут вставать рано по другим причинам, а не потому что это ведёт к успеху","Интересно, нужно изучить подробнее и пересмотреть свою позицию","Буду стоять на своём — менять позицию значит проигрывать","Узнать, что думают друзья","Логичный — есть чёткая связь между событиями","Предложу начинать уроки позже","3","5","1"
"2026/05/12 2:26:07 PM GMT+5","Да, несколько раз (1–5 раз)","Более года","Школьные дебаты","9–10 класс","""Все спортсмены хорошо учатся, я сам видел""","Слабый аргумент — один пример не доказывает общую закономерность","Совет от знакомого врача","Утверждение верно, если большинство — это более 50%","Исследование неверное, я знаю как есть на самом деле","Найду любой контраргумент, чтобы не уступать","Сразу высказать своё мнение","Логичный — есть чёткая связь между событиями","Составлю список возможных причин и проверю каждую","2","2","2"
"2026/05/12 2:32:45 PM GMT+5","Никогда не участвовал","Не участвую в дебатах","Не участвую","9–10 класс","""Исследования показывают, что 30 минут активности улучшают концентрацию на 20%""","Слабый аргумент — один пример не доказывает общую закономерность","Статья в рецензируемом научном журнале","Успешные люди могут вставать рано по другим причинам, а не потому что это ведёт к успеху","Интересно, нужно изучить подробнее и пересмотреть свою позицию","Признаю, что аргументы сильные, и пересмотрю свою точку зрения","Определить, какую проблему должна решить форма","Ошибочный — совпадение по времени не означает причинно-следственную связь","Составлю список возможных причин и проверю каждую","5","3","5"
"2026/05/12 2:34:30 PM GMT+5","Никогда не участвовал","Не участвую в дебатах","Республиканский уровень","9–10 класс","""Все спортсмены хорошо учатся, я сам видел""","Достаточный аргумент — если это случилось с одним, значит так бывает","Пост в Instagram от блогера о здоровье","Нужно больше примеров успешных людей","Зависит от того, кто провёл исследование","Признаю, что аргументы сильные, и пересмотрю свою точку зрения","Найти школы, где форма уже есть","Требует проверки — нужно больше данных о воде","","4","3","3"
"2026/05/12 2:38:32 PM GMT+5","Никогда не участвовал","Не участвую в дебатах","Не участвую","9–10 класс","""Мне кажется, это очевидно""","Сильный аргумент — личный пример всегда убедителен","Совет от знакомого врача","Успешные люди могут вставать рано по другим причинам, а не потому что это ведёт к успеху","Зависит от того, кто провёл исследование","Буду стоять на своём — менять позицию значит проигрывать","Сразу высказать своё мнение","Ошибочный — совпадение по времени не означает причинно-следственную связь","Предложу начинать уроки позже","5","4","3"
"2026/05/12 2:50:37 PM GMT+5","Да, регулярно (более 5 раз)","Более года","Школьные дебаты","9–10 класс","""Исследования показывают, что 30 минут активности улучшают концентрацию на 20%""","Сильный аргумент — личный пример всегда убедителен","Статья в рецензируемом научном журнале","Успешные люди могут вставать рано по другим причинам, а не потому что это ведёт к успеху","Интересно, нужно изучить подробнее и пересмотреть свою позицию","Буду стоять на своём — менять позицию значит проигрывать","Определить, какую проблему должна решить форма","Требует проверки — нужно больше данных о воде","Спрошу нескольких друзей","5","4","5"
"2026/05/12 3:01:12 PM GMT+5","Никогда не участвовал","Не участвую в дебатах","Не участвую","7–8 класс","""Все спортсмены хорошо учатся, я сам видел""","Сильный аргумент — личный пример всегда убедителен","Пост в Instagram от блогера о здоровье","Ничего, логика правильная","Это исключение, общее правило остаётся","Буду стоять на своём — менять позицию значит проигрывать","Сразу высказать своё мнение","Требует проверки — нужно больше данных о воде","Скажу директору своё мнение","1","1",""
"2026/05/12 4:10:16 PM GMT+5","Да, несколько раз (1–5 раз)","Менее 6 месяцев","Школьные дебаты","9–10 класс","""Мне кажется, это очевидно""","Слабый аргумент — один пример не доказывает общую закономерность","Статья в рецензируемом научном журнале","Успешные люди могут вставать рано по другим причинам, а не потому что это ведёт к успеху","Интересно, нужно изучить подробнее и пересмотреть свою позицию","Признаю, что аргументы сильные, и пересмотрю свою точку зрения","Узнать, что думают друзья","Требует проверки — нужно больше данных о воде","Составлю список возможных причин и проверю каждую","4","4","5"
"2026/05/12 4:11:12 PM GMT+5","Да, несколько раз (1–5 раз)","Менее 6 месяцев","Школьные дебаты","9–10 класс","""Исследования показывают, что 30 минут активности улучшают концентрацию на 20%""","Невозможно оценить без дополнительной информации","Совет от знакомого врача","Успешные люди могут вставать рано по другим причинам, а не потому что это ведёт к успеху","Это исключение, общее правило остаётся","Найду любой контраргумент, чтобы не уступать","Определить, какую проблему должна решить форма","Ошибочный — совпадение по времени не означает причинно-следственную связь","Составлю список возможных причин и проверю каждую","5","2","4"
"2026/05/12 4:12:13 PM GMT+5","Никогда не участвовал","Не участвую в дебатах","Не участвую","9–10 класс","""Исследования показывают, что 30 минут активности улучшают концентрацию на 20%""","Слабый аргумент — один пример не доказывает общую закономерность","Статья в рецензируемом научном журнале","Успешные люди могут вставать рано по другим причинам, а не потому что это ведёт к успеху","Интересно, нужно изучить подробнее и пересмотреть свою позицию","Признаю, что аргументы сильные, и пересмотрю свою точку зрения","Определить, какую проблему должна решить форма","Ошибочный — совпадение по времени не означает причинно-следственную связь","Составлю список возможных причин и проверю каждую","5","3","5"
"2026/05/12 4:19:44 PM GMT+5","Да, несколько раз (1–5 раз)","Более года","Школьные дебаты","9–10 класс","""Все спортсмены хорошо учатся, я сам видел""","Слабый аргумент — один пример не доказывает общую закономерность","Видео на YouTube с миллионом просмотров","Успешные люди могут вставать рано по другим причинам, а не потому что это ведёт к успеху","Интересно, нужно изучить подробнее и пересмотреть свою позицию","Буду стоять на своём — менять позицию значит проигрывать","Определить, какую проблему должна решить форма","Требует проверки — нужно больше данных о воде","Составлю список возможных причин и проверю каждую","5","5","4"
"2026/05/12 4:26:30 PM GMT+5","Да, несколько раз (1–5 раз)","Более года","Школьные дебаты","7–8 класс","""Мне кажется, это очевидно""","Достаточный аргумент — если это случилось с одним, значит так бывает","Совет от знакомого врача","Успешные люди могут вставать рано по другим причинам, а не потому что это ведёт к успеху","Интересно, нужно изучить подробнее и пересмотреть свою позицию","Найду любой контраргумент, чтобы не уступать","Сразу высказать своё мнение","Логичный — есть чёткая связь между событиями","Составлю список возможных причин и проверю каждую","5","5","4"
"2026/05/12 4:26:32 PM GMT+5","Да, несколько раз (1–5 раз)","Более года","Школьные дебаты","9–10 класс","""Мне кажется, это очевидно""","Достаточный аргумент — если это случилось с одним, значит так бывает","Совет от знакомого врача","Утверждение верно, если большинство — это более 50%","Интересно, нужно изучить подробнее и пересмотреть свою позицию","Буду стоять на своём — менять позицию значит проигрывать","Сразу высказать своё мнение","Требует проверки — нужно больше данных о воде","Составлю список возможных причин и проверю каждую","5","3","5"
"2026/05/12 4:28:59 PM GMT+5","Никогда не участвовал","Не участвую в дебатах","Не участвую","9–10 класс","""Мне кажется, это очевидно""","Слабый аргумент — один пример не доказывает общую закономерность","Совет от знакомого врача","Нужно больше примеров успешных людей","Интересно, нужно изучить подробнее и пересмотреть свою позицию","Скажу, что подумаю позже, и уйду от темы","Определить, какую проблему должна решить форма","Ошибочный — совпадение по времени не означает причинно-следственную связь","Составлю список возможных причин и проверю каждую","2","3","3"
"2026/05/12 4:35:14 PM GMT+5","Никогда не участвовал","Не участвую в дебатах","Не участвую","9–10 класс","""Все спортсмены хорошо учатся, я сам видел""","Достаточный аргумент — если это случилось с одним, значит так бывает","Пост в Instagram от блогера о здоровье","Нужно больше примеров успешных людей","Это исключение, общее правило остаётся","Скажу, что подумаю позже, и уйду от темы","Найти школы, где форма уже есть","Ошибочный — совпадение по времени не означает причинно-следственную связь","Спрошу нескольких друзей","5","5","5"
"2026/05/12 5:21:12 PM GMT+5","Никогда не участвовал","Не участвую в дебатах","Не участвую","9–10 класс","""Исследования показывают, что 30 минут активности улучшают концентрацию на 20%""","Невозможно оценить без дополнительной информации","Совет от знакомого врача","Успешные люди могут вставать рано по другим причинам, а не потому что это ведёт к успеху","Зависит от того, кто провёл исследование","Признаю, что аргументы сильные, и пересмотрю свою точку зрения","Узнать, что думают друзья","Требует проверки — нужно больше данных о воде","Предложу начинать уроки позже","3","3","3"
"2026/05/12 5:22:15 PM GMT+5","Да, несколько раз (1–5 раз)","Менее 6 месяцев","Школьные дебаты","11 класс","""Исследования показывают, что 30 минут активности улучшают концентрацию на 20%""","Слабый аргумент — один пример не доказывает общую закономерность","Статья в рецензируемом научном журнале","Ничего, логика правильная","Интересно, нужно изучить подробнее и пересмотреть свою позицию","Найду любой контраргумент, чтобы не уступать","Определить, какую проблему должна решить форма","Ошибочный — совпадение по времени не означает причинно-следственную связь","Составлю список возможных причин и проверю каждую","5","4","3"
"2026/05/12 5:24:37 PM GMT+5","Никогда не участвовал","Более года","Не участвую","11 класс","""Наш учитель физкультуры так говорил""","Сильный аргумент — личный пример всегда убедителен","Видео на YouTube с миллионом просмотров","Утверждение верно, если большинство — это более 50%","Это исключение, общее правило остаётся","Найду любой контраргумент, чтобы не уступать","Найти школы, где форма уже есть","Логичный — есть чёткая связь между событиями","Спрошу нескольких друзей","1","2","3"
"2026/05/12 5:25:11 PM GMT+5","Никогда не участвовал","Не участвую в дебатах","Не участвую","9–10 класс","""Исследования показывают, что 30 минут активности улучшают концентрацию на 20%""","Сильный аргумент — личный пример всегда убедителен","Статья в рецензируемом научном журнале","Успешные люди могут вставать рано по другим причинам, а не потому что это ведёт к успеху","Интересно, нужно изучить подробнее и пересмотреть свою позицию","Признаю, что аргументы сильные, и пересмотрю свою точку зрения","Определить, какую проблему должна решить форма","Ошибочный — совпадение по времени не означает причинно-следственную связь","Составлю список возможных причин и проверю каждую","3","2","3"
"2026/05/12 5:26:31 PM GMT+5","Никогда не участвовал","Не участвую в дебатах","Не участвую","11 класс","""Исследования показывают, что 30 минут активности улучшают концентрацию на 20%""","Сильный аргумент — личный пример всегда убедителен","Статья в рецензируемом научном журнале","Успешные люди могут вставать рано по другим причинам, а не потому что это ведёт к успеху","","Буду стоять на своём — менять позицию значит проигрывать","Сразу высказать своё мнение","Требует проверки — нужно больше данных о воде","Скажу директору своё мнение","3","4","2"
"2026/05/12 5:29:31 PM GMT+5","Никогда не участвовал","Не участвую в дебатах","Не участвую","11 класс","""Мне кажется, это очевидно""","Сильный аргумент — личный пример всегда убедителен","Совет от знакомого врача","Нужно больше примеров успешных людей","Исследование неверное, я знаю как есть на самом деле","Признаю, что аргументы сильные, и пересмотрю свою точку зрения","Определить, какую проблему должна решить форма","Логичный — есть чёткая связь между событиями","Составлю список возможных причин и проверю каждую","5","5","5"
"2026/05/12 5:33:22 PM GMT+5","Да, несколько раз (1–5 раз)","Не участвую в дебатах","Не участвую","11 класс","""Мне кажется, это очевидно""","Слабый аргумент — один пример не доказывает общую закономерность","Совет от знакомого врача","Утверждение верно, если большинство — это более 50%","Интересно, нужно изучить подробнее и пересмотреть свою позицию","Скажу, что подумаю позже, и уйду от темы","Узнать, что думают друзья","Верный, если учителя это подтвердят","Спрошу нескольких друзей","4","4","4"
"2026/05/12 5:34:39 PM GMT+5","Да, несколько раз (1–5 раз)","Более года","Школьные дебаты","11 класс","""Мне кажется, это очевидно""","Невозможно оценить без дополнительной информации","Статья в рецензируемом научном журнале","Утверждение верно, если большинство — это более 50%","Это исключение, общее правило остаётся","Скажу, что подумаю позже, и уйду от темы","Определить, какую проблему должна решить форма","Ошибочный — совпадение по времени не означает причинно-следственную связь","Составлю список возможных причин и проверю каждую","5","1","5"
"2026/05/12 5:35:16 PM GMT+5","Никогда не участвовал","Не участвую в дебатах","Не участвую","11 класс","""Исследования показывают, что 30 минут активности улучшают концентрацию на 20%""","Достаточный аргумент — если это случилось с одним, значит так бывает","Совет от знакомого врача","Утверждение верно, если большинство — это более 50%","Зависит от того, кто провёл исследование","Признаю, что аргументы сильные, и пересмотрю свою точку зрения","Сразу высказать своё мнение","Требует проверки — нужно больше данных о воде","Составлю список возможных причин и проверю каждую","5","5","5"
"2026/05/12 5:48:00 PM GMT+5","Да, несколько раз (1–5 раз)","Более года","Школьные дебаты","9–10 класс","""Исследования показывают, что 30 минут активности улучшают концентрацию на 20%""","Невозможно оценить без дополнительной информации","Совет от знакомого врача","Утверждение верно, если большинство — это более 50%","Интересно, нужно изучить подробнее и пересмотреть свою позицию","Найду любой контраргумент, чтобы не уступать","Определить, какую проблему должна решить форма","Логичный — есть чёткая связь между событиями","Предложу начинать уроки позже","3","2","4"
"2026/05/12 5:49:30 PM GMT+5","Никогда не участвовал","Не участвую в дебатах","Не участвую","11 класс","""Исследования показывают, что 30 минут активности улучшают концентрацию на 20%""","Сильный аргумент — личный пример всегда убедителен","Статья в рецензируемом научном журнале","Успешные люди могут вставать рано по другим причинам, а не потому что это ведёт к успеху","Зависит от того, кто провёл исследование","Найду любой контраргумент, чтобы не уступать","Определить, какую проблему должна решить форма","Ошибочный — совпадение по времени не означает причинно-следственную связь","Спрошу нескольких друзей","5","3","5"
"2026/05/12 5:50:33 PM GMT+5","Да, несколько раз (1–5 раз)","Менее 6 месяцев","Школьные дебаты","11 класс","""Исследования показывают, что 30 минут активности улучшают концентрацию на 20%""","Сильный аргумент — личный пример всегда убедителен","Совет от знакомого врача","Нужно больше примеров успешных людей","Интересно, нужно изучить подробнее и пересмотреть свою позицию","Найду любой контраргумент, чтобы не уступать","Определить, какую проблему должна решить форма","Логичный — есть чёткая связь между событиями","Составлю список возможных причин и проверю каждую","3","5","5"
"2026/05/12 5:51:55 PM GMT+5","Никогда не участвовал","Не участвую в дебатах","Не участвую","11 класс","""Исследования показывают, что 30 минут активности улучшают концентрацию на 20%""","Слабый аргумент — один пример не доказывает общую закономерность","Совет от знакомого врача","Успешные люди могут вставать рано по другим причинам, а не потому что это ведёт к успеху","Зависит от того, кто провёл исследование","Скажу, что подумаю позже, и уйду от темы","Определить, какую проблему должна решить форма","Верный, если учителя это подтвердят","Составлю список возможных причин и проверю каждую","1","1","1"
"2026/05/12 5:52:16 PM GMT+5","Никогда не участвовал","Не участвую в дебатах","Не участвую","11 класс","""Исследования показывают, что 30 минут активности улучшают концентрацию на 20%""","Невозможно оценить без дополнительной информации","Статья в рецензируемом научном журнале","Успешные люди могут вставать рано по другим причинам, а не потому что это ведёт к успеху","Интересно, нужно изучить подробнее и пересмотреть свою позицию","Признаю, что аргументы сильные, и пересмотрю свою точку зрения","Сразу высказать своё мнение","Требует проверки — нужно больше данных о воде","Спрошу нескольких друзей","4","1","3"
"2026/05/12 5:54:16 PM GMT+5","Да, несколько раз (1–5 раз)","Не участвую в дебатах","Школьные дебаты","11 класс","""Исследования показывают, что 30 минут активности улучшают концентрацию на 20%""","Сильный аргумент — личный пример всегда убедителен","Совет от знакомого врача","Успешные люди могут вставать рано по другим причинам, а не потому что это ведёт к успеху","Зависит от того, кто провёл исследование","Найду любой контраргумент, чтобы не уступать","Сразу высказать своё мнение","Ошибочный — совпадение по времени не означает причинно-следственную связь","Составлю список возможных причин и проверю каждую","3","2","5"
"2026/05/12 5:56:56 PM GMT+5","Никогда не участвовал","Не участвую в дебатах","Не участвую","9–10 класс","""Исследования показывают, что 30 минут активности улучшают концентрацию на 20%""","Слабый аргумент — один пример не доказывает общую закономерность","Совет от знакомого врача","Успешные люди могут вставать рано по другим причинам, а не потому что это ведёт к успеху","Интересно, нужно изучить подробнее и пересмотреть свою позицию","Скажу, что подумаю позже, и уйду от темы","Найти школы, где форма уже есть","Ошибочный — совпадение по времени не означает причинно-следственную связь","Составлю список возможных причин и проверю каждую","3","4","4"
"2026/05/12 6:10:29 PM GMT+5","Никогда не участвовал","Не участвую в дебатах","Не участвую","11 класс","""Исследования показывают, что 30 минут активности улучшают концентрацию на 20%""","Невозможно оценить без дополнительной информации","Совет от знакомого врача","Утверждение верно, если большинство — это более 50%","Интересно, нужно изучить подробнее и пересмотреть свою позицию","Скажу, что подумаю позже, и уйду от темы","Сразу высказать своё мнение","Ошибочный — совпадение по времени не означает причинно-следственную связь","Составлю список возможных причин и проверю каждую","4","4","4"
"2026/05/12 6:42:26 PM GMT+5","Никогда не участвовал","Не участвую в дебатах","Не участвую","11 класс","""Все спортсмены хорошо учатся, я сам видел""","Слабый аргумент — один пример не доказывает общую закономерность","Совет от знакомого врача","Ничего, логика правильная","Исследование неверное, я знаю как есть на самом деле","Буду стоять на своём — менять позицию значит проигрывать","Сразу высказать своё мнение","Верный, если учителя это подтвердят","Скажу директору своё мнение","1","5","4"
"2026/05/12 6:46:07 PM GMT+5","Никогда не участвовал","Не участвую в дебатах","Не участвую","9–10 класс","""Все спортсмены хорошо учатся, я сам видел""","Невозможно оценить без дополнительной информации","Совет от знакомого врача","Ничего, логика правильная","Исследование неверное, я знаю как есть на самом деле","Буду стоять на своём — менять позицию значит проигрывать","Определить, какую проблему должна решить форма","Логичный — есть чёткая связь между событиями","Составлю список возможных причин и проверю каждую","2","1","2"
"2026/05/12 6:50:16 PM GMT+5","Никогда не участвовал","Не участвую в дебатах","Не участвую","9–10 класс","""Все спортсмены хорошо учатся, я сам видел""","Слабый аргумент — один пример не доказывает общую закономерность","Совет от знакомого врача","Успешные люди могут вставать рано по другим причинам, а не потому что это ведёт к успеху","Зависит от того, кто провёл исследование","Признаю, что аргументы сильные, и пересмотрю свою точку зрения","Определить, какую проблему должна решить форма","Ошибочный — совпадение по времени не означает причинно-следственную связь","Составлю список возможных причин и проверю каждую","2","5","5"
"2026/05/12 7:28:41 PM GMT+5","Никогда не участвовал","Не участвую в дебатах","Не участвую","11 класс","""Наш учитель физкультуры так говорил""","Достаточный аргумент — если это случилось с одним, значит так бывает","Совет от знакомого врача","Успешные люди могут вставать рано по другим причинам, а не потому что это ведёт к успеху","Зависит от того, кто провёл исследование","Найду любой контраргумент, чтобы не уступать","Найти школы, где форма уже есть","Верный, если учителя это подтвердят","Скажу директору своё мнение","5","5","5"
"2026/05/12 7:28:55 PM GMT+5","Да, несколько раз (1–5 раз)","Менее 6 месяцев","Школьные дебаты","7–8 класс","""Мне кажется, это очевидно""","Сильный аргумент — личный пример всегда убедителен","Совет от знакомого врача","Успешные люди могут вставать рано по другим причинам, а не потому что это ведёт к успеху","Это исключение, общее правило остаётся","Признаю, что аргументы сильные, и пересмотрю свою точку зрения","Сразу высказать своё мнение","Ошибочный — совпадение по времени не означает причинно-следственную связь","Составлю список возможных причин и проверю каждую","1","5","5"
"2026/05/12 7:31:32 PM GMT+5","Никогда не участвовал","Менее 6 месяцев","Межшкольные / районные","7–8 класс","""Мне кажется, это очевидно""","Сильный аргумент — личный пример всегда убедителен","Пост в Instagram от блогера о здоровье","Нужно больше примеров успешных людей","Зависит от того, кто провёл исследование","Найду любой контраргумент, чтобы не уступать","Узнать, что думают друзья","Ошибочный — совпадение по времени не означает причинно-следственную связь","Скажу директору своё мнение","3","2","1"
"2026/05/12 7:43:31 PM GMT+5","Да, несколько раз (1–5 раз)","Менее 6 месяцев","Школьные дебаты","7–8 класс","""Исследования показывают, что 30 минут активности улучшают концентрацию на 20%""","Невозможно оценить без дополнительной информации","Видео на YouTube с миллионом просмотров","Ничего, логика правильная","Интересно, нужно изучить подробнее и пересмотреть свою позицию","Признаю, что аргументы сильные, и пересмотрю свою точку зрения","Сразу высказать своё мнение","Ошибочный — совпадение по времени не означает причинно-следственную связь","Предложу начинать уроки позже","3","3","3"
"2026/05/12 9:00:53 PM GMT+5","Никогда не участвовал","Не участвую в дебатах","Не участвую","9–10 класс","""Исследования показывают, что 30 минут активности улучшают концентрацию на 20%""","Слабый аргумент — один пример не доказывает общую закономерность","Совет от знакомого врача","Успешные люди могут вставать рано по другим причинам, а не потому что это ведёт к успеху","Зависит от того, кто провёл исследование","Буду стоять на своём — менять позицию значит проигрывать","Определить, какую проблему должна решить форма","Ошибочный — совпадение по времени не означает причинно-следственную связь","Предложу начинать уроки позже","3","1","5"
"2026/05/12 9:15:04 PM GMT+5","Никогда не участвовал","Не участвую в дебатах","Не участвую","11 класс","""Мне кажется, это очевидно""","Невозможно оценить без дополнительной информации","Совет от знакомого врача","Нужно больше примеров успешных людей","Зависит от того, кто провёл исследование","Найду любой контраргумент, чтобы не уступать","Узнать, что думают друзья","Верный, если учителя это подтвердят","Спрошу нескольких друзей","5","5","5"
"2026/05/12 9:20:47 PM GMT+5","Да, несколько раз (1–5 раз)","6–12 месяцев","Школьные дебаты","9–10 класс","""Мне кажется, это очевидно""","Сильный аргумент — личный пример всегда убедителен","Совет от знакомого врача","Нужно больше примеров успешных людей","Интересно, нужно изучить подробнее и пересмотреть свою позицию","Буду стоять на своём — менять позицию значит проигрывать","Сразу высказать своё мнение","Ошибочный — совпадение по времени не означает причинно-следственную связь","Составлю список возможных причин и проверю каждую","3","2","5"
"2026/05/12 9:32:04 PM GMT+5","Никогда не участвовал","Не участвую в дебатах","Не участвую","9–10 класс","""Исследования показывают, что 30 минут активности улучшают концентрацию на 20%""","Слабый аргумент — один пример не доказывает общую закономерность","Совет от знакомого врача","Успешные люди могут вставать рано по другим причинам, а не потому что это ведёт к успеху","Зависит от того, кто провёл исследование","Найду любой контраргумент, чтобы не уступать","Определить, какую проблему должна решить форма","Ошибочный — совпадение по времени не означает причинно-следственную связь","Составлю список возможных причин и проверю каждую","4","3","4"
"2026/05/12 9:47:02 PM GMT+5","Никогда не участвовал","Не участвую в дебатах","Не участвую","9–10 класс","""Мне кажется, это очевидно""","Слабый аргумент — один пример не доказывает общую закономерность","Совет от знакомого врача","Успешные люди могут вставать рано по другим причинам, а не потому что это ведёт к успеху","Зависит от того, кто провёл исследование","Буду стоять на своём — менять позицию значит проигрывать","Сразу высказать своё мнение","Ошибочный — совпадение по времени не означает причинно-следственную связь","Предложу начинать уроки позже","5","2","5"
"2026/05/12 9:55:28 PM GMT+5","Никогда не участвовал","Не участвую в дебатах","Не участвую","7–8 класс","""Все спортсмены хорошо учатся, я сам видел""","Слабый аргумент — один пример не доказывает общую закономерность","Совет от знакомого врача","Утверждение верно, если большинство — это более 50%","Интересно, нужно изучить подробнее и пересмотреть свою позицию","Признаю, что аргументы сильные, и пересмотрю свою точку зрения","Узнать, что думают друзья","Требует проверки — нужно больше данных о воде","Скажу директору своё мнение","1","1","1"
"2026/05/12 10:06:16 PM GMT+5","Никогда не участвовал","Не участвую в дебатах","Не участвую","9–10 класс","""Мне кажется, это очевидно""","Сильный аргумент — личный пример всегда убедителен","Совет от знакомого врача","Утверждение верно, если большинство — это более 50%","Это исключение, общее правило остаётся","Скажу, что подумаю позже, и уйду от темы","Определить, какую проблему должна решить форма","Требует проверки — нужно больше данных о воде","Предложу начинать уроки позже","5","1","1"
"2026/05/12 10:08:46 PM GMT+5","Никогда не участвовал","Не участвую в дебатах","Не участвую","9–10 класс","""Исследования показывают, что 30 минут активности улучшают концентрацию на 20%""","Слабый аргумент — один пример не доказывает общую закономерность","Совет от знакомого врача","Утверждение верно, если большинство — это более 50%","Исследование неверное, я знаю как есть на самом деле","Буду стоять на своём — менять позицию значит проигрывать","Определить, какую проблему должна решить форма","Логичный — есть чёткая связь между событиями","Скажу директору своё мнение","4","2","3"
"2026/05/12 10:12:23 PM GMT+5","Никогда не участвовал","Не участвую в дебатах","Не участвую","9–10 класс","""Исследования показывают, что 30 минут активности улучшают концентрацию на 20%""","Невозможно оценить без дополнительной информации","Статья в рецензируемом научном журнале","Успешные люди могут вставать рано по другим причинам, а не потому что это ведёт к успеху","Интересно, нужно изучить подробнее и пересмотреть свою позицию","Найду любой контраргумент, чтобы не уступать","Определить, какую проблему должна решить форма","Требует проверки — нужно больше данных о воде","Составлю список возможных причин и проверю каждую","5","1","5"
"2026/05/12 10:14:27 PM GMT+5","Никогда не участвовал","Не участвую в дебатах","Не участвую","9–10 класс","""Мне кажется, это очевидно""","Достаточный аргумент — если это случилось с одним, значит так бывает","Статья в рецензируемом научном журнале","Утверждение верно, если большинство — это более 50%","Интересно, нужно изучить подробнее и пересмотреть свою позицию","Буду стоять на своём — менять позицию значит проигрывать","Сразу высказать своё мнение","Требует проверки — нужно больше данных о воде","Составлю список возможных причин и проверю каждую","4","1","4"
"2026/05/13 9:00:56 AM GMT+5","Да, несколько раз (1–5 раз)","6–12 месяцев","Межшкольные / районные","9–10 класс","""Исследования показывают, что 30 минут активности улучшают концентрацию на 20%""","Невозможно оценить без дополнительной информации","Статья в рецензируемом научном журнале","Успешные люди могут вставать рано по другим причинам, а не потому что это ведёт к успеху","Интересно, нужно изучить подробнее и пересмотреть свою позицию","Признаю, что аргументы сильные, и пересмотрю свою точку зрения","Определить, какую проблему должна решить форма","Ошибочный — совпадение по времени не означает причинно-следственную связь","Составлю список возможных причин и проверю каждую","5","4","5"
"2026/05/13 9:03:51 AM GMT+5","Да, регулярно (более 5 раз)","6–12 месяцев","Межшкольные / районные","9–10 класс","""Исследования показывают, что 30 минут активности улучшают концентрацию на 20%""","Невозможно оценить без дополнительной информации","Статья в рецензируемом научном журнале","Успешные люди могут вставать рано по другим причинам, а не потому что это ведёт к успеху","Интересно, нужно изучить подробнее и пересмотреть свою позицию","Признаю, что аргументы сильные, и пересмотрю свою точку зрения","Определить, какую проблему должна решить форма","Ошибочный — совпадение по времени не означает причинно-следственную связь","Составлю список возможных причин и проверю каждую","5","5","4"
"2026/05/13 9:06:10 AM GMT+5","Да, регулярно (более 5 раз)","6–12 месяцев","Межшкольные / районные","9–10 класс","""Исследования показывают, что 30 минут активности улучшают концентрацию на 20%""","Невозможно оценить без дополнительной информации","Статья в рецензируемом научном журнале","Успешные люди могут вставать рано по другим причинам, а не потому что это ведёт к успеху","Интересно, нужно изучить подробнее и пересмотреть свою позицию","Признаю, что аргументы сильные, и пересмотрю свою точку зрения","Определить, какую проблему должна решить форма","Ошибочный — совпадение по времени не означает причинно-следственную связь","Составлю список возможных причин и проверю каждую","4","4","5"
"2026/05/13 9:29:22 AM GMT+5","Да, регулярно (более 5 раз)","6–12 месяцев","Межшкольные / районные","9–10 класс","""Исследования показывают, что 30 минут активности улучшают концентрацию на 20%""","Невозможно оценить без дополнительной информации","Статья в рецензируемом научном журнале","Успешные люди могут вставать рано по другим причинам, а не потому что это ведёт к успеху","Интересно, нужно изучить подробнее и пересмотреть свою позицию","Признаю, что аргументы сильные, и пересмотрю свою точку зрения","Определить, какую проблему должна решить форма","Ошибочный — совпадение по времени не означает причинно-следственную связь","Составлю список возможных причин и проверю каждую","4","5","5"
"2026/05/13 9:30:45 AM GMT+5","Да, регулярно (более 5 раз)","6–12 месяцев","Межшкольные / районные","9–10 класс","""Исследования показывают, что 30 минут активности улучшают концентрацию на 20%""","Невозможно оценить без дополнительной информации","Статья в рецензируемом научном журнале","Успешные люди могут вставать рано по другим причинам, а не потому что это ведёт к успеху","Интересно, нужно изучить подробнее и пересмотреть свою позицию","Признаю, что аргументы сильные, и пересмотрю свою точку зрения","Определить, какую проблему должна решить форма","Ошибочный — совпадение по времени не означает причинно-следственную связь","Составлю список возможных причин и проверю каждую","5","5","5"